{
  "Q": {
    "0,0": -5.674603174603174,
    "1,1": -5.674603174603174,
    "2,2": -5.674603174603174,
    "3,3": -5.674603174603174,
    "4,4": -5.674603174603174,
    "5,5": -5.674603174603174,
    "6,6": -5.674603174603174,
    "7,7": -5.674603174603174,
    "8,8": -5.674603174603174,
    "9,9": -5.674603174603174,
    "10,10": -5.674603174603174,
    "11,11": -5.674603174603174,
    "0,1": 5.571428571428571,
    "9,10": 5.571428571428571,
    "1,2": 5.571428571428571,
    "10,11": 5.571428571428571,
    "3,4": 5.571428571428571,
    "11,0": 1.8571428571428572,
    "6,8": 5.571428571428571,
    "2,3": 5.571428571428571,
    "6,7": 5.571428571428571,
    "4,5": 5.571428571428571,
    "8,9": 5.571428571428571,
    "0,2": 5.571428571428571,
    "5,6": 5.571428571428571,
    "9,11": 5.571428571428571,
    "3,5": 5.571428571428571,
    "7,8": 5.571428571428571,
    "0,3": 3.7142857142857144,
    "0,4": 3.7142857142857144,
    "0,5": 3.7142857142857144,
    "0,6": 3.7142857142857144,
    "0,7": 3.7142857142857144,
    "0,8": 3.7142857142857144,
    "0,9": 3.7142857142857144,
    "0,10": 3.7142857142857144,
    "0,11": 3.7142857142857144,
    "1,3": 3.7142857142857144,
    "1,4": 3.7142857142857144,
    "1,5": 3.7142857142857144,
    "1,6": 3.7142857142857144,
    "1,7": 3.7142857142857144,
    "1,8": 3.7142857142857144,
    "1,9": 3.7142857142857144,
    "1,10": 3.7142857142857144,
    "1,11": 3.7142857142857144,
    "2,4": 3.7142857142857144,
    "2,5": 3.7142857142857144,
    "2,6": 3.7142857142857144,
    "2,7": 3.7142857142857144,
    "2,8": 3.7142857142857144,
    "2,9": 3.7142857142857144,
    "2,10": 3.7142857142857144,
    "2,11": 3.7142857142857144,
    "3,6": 3.7142857142857144,
    "3,7": 3.7142857142857144,
    "3,8": 3.7142857142857144,
    "3,9": 3.7142857142857144,
    "3,10": 3.7142857142857144,
    "3,11": 3.7142857142857144,
    "4,6": 3.7142857142857144,
    "4,7": 3.7142857142857144,
    "4,8": 3.7142857142857144,
    "4,9": 3.7142857142857144,
    "4,10": 3.7142857142857144,
    "4,11": 3.7142857142857144,
    "5,7": 3.7142857142857144,
    "5,8": 3.7142857142857144,
    "5,9": 3.7142857142857144,
    "5,10": 3.7142857142857144,
    "5,11": 3.7142857142857144,
    "6,9": 3.7142857142857144,
    "6,10": 3.7142857142857144,
    "6,11": 3.7142857142857144,
    "7,9": 3.7142857142857144,
    "7,10": 3.7142857142857144,
    "7,11": 3.7142857142857144,
    "8,10": 3.7142857142857144,
    "8,11": 3.7142857142857144
  },
  "A": 1.8571428571428572,
  "B": 1.8571428571428572,
  "m": 2,
  "v": {
    "0": 0.10317460317460317,
    "1": 0.10317460317460317,
    "2": 0.10317460317460317,
    "3": 0.10317460317460317,
    "4": 0.10317460317460317,
    "5": 0.10317460317460317,
    "6": 0.10317460317460317,
    "7": 0.10317460317460317,
    "8": 0.10317460317460317,
    "9": 0.10317460317460317,
    "10": 0.10317460317460317,
    "11": 0.10317460317460317
  }
}